{
  "evaluation_id": "eval-bertscore-txgemma_grounding-20260211-204946",
  "model": "google/txgemma-9b-chat",
  "evaluation_type": "bertscore_grounding",
  "description": "TXGemma answers vs source contexts",
  "sample_size": 91,
  "scores": {
    "precision": {
      "mean": 0.8450783582834097,
      "std": 0.02203323186609483,
      "min": 0.7715714573860168,
      "max": 0.9283891916275024
    },
    "recall": {
      "mean": 0.8184532772053729,
      "std": 0.02323263201490615,
      "min": 0.7726678848266602,
      "max": 0.8998096585273743
    },
    "f1": {
      "mean": 0.8313854415338118,
      "std": 0.01942287635790595,
      "min": 0.7952642440795898,
      "max": 0.9138760566711426
    }
  },
  "distribution": {
    "low": 0,
    "medium": 0,
    "good": 79,
    "excellent": 12
  }
}